sample,n_infra,infra_mean_ret,other_mean_ret,infra_premium_ctrl,premium_p
full,30,0.48926959922290547,-0.0027453761185894346,0.4597525981998428,2.72919685726518e-09
ex_semis,25,0.44873667843627385,-0.0027453761185894346,0.4259329307947597,3.627128652236737e-08
