{
  "n_rows": 513,
  "ladder": {
    "maturity_index": {
      "1_univariate": {
        "coef": 0.09468259047171272,
        "p": 0.0005939075435645993,
        "n": 429
      },
      "2_sector": {
        "coef": 0.05798121655158621,
        "p": 0.044399782334695166,
        "n": 429
      },
      "3_size": {
        "coef": 0.03245142961850443,
        "p": 0.27763873658998406,
        "n": 429
      },
      "4_full": {
        "coef": 0.02445638926851147,
        "p": 0.40116702263167936,
        "n": 429
      },
      "full_op_margin_delta_yoy": {
        "coef": 0.023672379911956254,
        "p": 0.4831694189884501,
        "n": 340
      },
      "full_fwd_ret_4m": {
        "coef": -0.07198134560220587,
        "p": 0.04475611658870795,
        "n": 489
      }
    },
    "adoption_score": {
      "1_univariate": {
        "coef": 0.10800436379436626,
        "p": 0.00010687037846088702,
        "n": 429
      },
      "2_sector": {
        "coef": 0.0746181327206609,
        "p": 0.013251134304470336,
        "n": 429
      },
      "3_size": {
        "coef": 0.050879745219793666,
        "p": 0.10619995121537923,
        "n": 429
      },
      "4_full": {
        "coef": 0.03842016593754899,
        "p": 0.2014064494125265,
        "n": 429
      },
      "full_op_margin_delta_yoy": {
        "coef": 0.021798715604770244,
        "p": 0.56510727400206,
        "n": 340
      },
      "full_fwd_ret_4m": {
        "coef": -0.07573688832171052,
        "p": 0.05827382269966871,
        "n": 489
      }
    },
    "proficiency_score": {
      "1_univariate": {
        "coef": 0.06634386263528261,
        "p": 0.014668721961367903,
        "n": 429
      },
      "2_sector": {
        "coef": 0.021713319367841922,
        "p": 0.49340666225744056,
        "n": 429
      },
      "3_size": {
        "coef": -0.010688134119017078,
        "p": 0.7488978642538783,
        "n": 429
      },
      "4_full": {
        "coef": -0.010525112873946002,
        "p": 0.7345770658544487,
        "n": 429
      },
      "full_op_margin_delta_yoy": {
        "coef": 0.016408745597239066,
        "p": 0.6469851682433817,
        "n": 340
      },
      "full_fwd_ret_4m": {
        "coef": -0.08977372922757118,
        "p": 0.03221012922144452,
        "n": 489
      }
    },
    "impact_score": {
      "1_univariate": {
        "coef": 0.09614653376364286,
        "p": 0.0012838248737569327,
        "n": 429
      },
      "2_sector": {
        "coef": 0.06238758327564907,
        "p": 0.02759158617053678,
        "n": 429
      },
      "3_size": {
        "coef": 0.041813991309217896,
        "p": 0.13845952294744496,
        "n": 429
      },
      "4_full": {
        "coef": 0.025035307638238417,
        "p": 0.34632446125011085,
        "n": 429
      },
      "full_op_margin_delta_yoy": {
        "coef": 0.02209147432302603,
        "p": 0.4776641489489669,
        "n": 340
      },
      "full_fwd_ret_4m": {
        "coef": -0.05178554847108751,
        "p": 0.12513098507955572,
        "n": 489
      }
    },
    "conc": {
      "1_univariate": {
        "coef": 0.12881608810976006,
        "p": 3.583060744436526e-05,
        "n": 395
      },
      "2_sector": {
        "coef": 0.0829371880395927,
        "p": 0.009629677915818724,
        "n": 395
      },
      "3_size": {
        "coef": 0.07512437649402061,
        "p": 0.018370545078441373,
        "n": 395
      },
      "4_full": {
        "coef": 0.08000150040021099,
        "p": 0.009105259381429368,
        "n": 395
      },
      "full_op_margin_delta_yoy": {
        "coef": -0.003949416149213885,
        "p": 0.922733016724467,
        "n": 313
      },
      "full_fwd_ret_4m": {
        "coef": -0.04189009752762611,
        "p": 0.23377397431078983,
        "n": 450
      }
    },
    "inv": {
      "1_univariate": {
        "coef": 0.10641799724447423,
        "p": 0.001458520668690538,
        "n": 383
      },
      "2_sector": {
        "coef": 0.06313241229593833,
        "p": 0.04271588438254119,
        "n": 383
      },
      "3_size": {
        "coef": 0.047950382848247916,
        "p": 0.11471733599059099,
        "n": 383
      },
      "4_full": {
        "coef": 0.041462492602988274,
        "p": 0.1414238413563138,
        "n": 383
      },
      "full_op_margin_delta_yoy": {
        "coef": -0.017627462384507464,
        "p": 0.6612674568104419,
        "n": 304
      },
      "full_fwd_ret_4m": {
        "coef": -0.10236549660626867,
        "p": 0.031635131985604525,
        "n": 436
      }
    },
    "builder_rate": {
      "1_univariate": {
        "coef": 0.02570521210631986,
        "p": 0.4004530788516363,
        "n": 212
      },
      "2_sector": {
        "coef": 0.021019220515200072,
        "p": 0.5045273082579929,
        "n": 212
      },
      "3_size": {
        "coef": -0.00430382550394675,
        "p": 0.8915017957961029,
        "n": 212
      },
      "4_full": {
        "coef": -0.026947410911654774,
        "p": 0.16548916193693908,
        "n": 212
      },
      "full_op_margin_delta_yoy": {
        "coef": -0.020427076580198315,
        "p": 0.3945007757244793,
        "n": 173
      },
      "full_fwd_ret_4m": {
        "coef": -0.02110176576188066,
        "p": 0.7196193293781032,
        "n": 243
      }
    }
  },
  "ic": {
    "maturity_index": {
      "rev_growth": {
        "rho": 0.17616129924851343,
        "p": 0.00023750964109209722,
        "n": 431
      },
      "margin": {
        "rho": 0.05997182244699127,
        "p": 0.2687227442434766,
        "n": 342
      },
      "ret4m": {
        "rho": -0.06586972946794599,
        "p": 0.14254973330512855,
        "n": 497
      },
      "sector_neutral_rev_growth": {
        "rho": 0.10370434265758977,
        "p": 0.03135701910270586,
        "n": 431
      }
    },
    "adoption_score": {
      "rev_growth": {
        "rho": 0.18350158879812808,
        "p": 0.00012756723781255462,
        "n": 431
      },
      "margin": {
        "rho": 0.042298587820872674,
        "p": 0.43555383479643484,
        "n": 342
      },
      "ret4m": {
        "rho": -0.07329783557376637,
        "p": 0.10264862826941792,
        "n": 497
      },
      "sector_neutral_rev_growth": {
        "rho": 0.11774826295560492,
        "p": 0.014447804216694416,
        "n": 431
      }
    },
    "proficiency_score": {
      "rev_growth": {
        "rho": 0.1179412651424354,
        "p": 0.014286817568939252,
        "n": 431
      },
      "margin": {
        "rho": 0.043249123167603924,
        "p": 0.4252992462064239,
        "n": 342
      },
      "ret4m": {
        "rho": -0.07378645027719828,
        "p": 0.10037128557549799,
        "n": 497
      },
      "sector_neutral_rev_growth": {
        "rho": 0.04068295001495415,
        "p": 0.39951036696156184,
        "n": 431
      }
    },
    "impact_score": {
      "rev_growth": {
        "rho": 0.1726330788528384,
        "p": 0.00031746361476683074,
        "n": 431
      },
      "margin": {
        "rho": 0.056952420487146715,
        "p": 0.2936116885022312,
        "n": 342
      },
      "ret4m": {
        "rho": -0.04942682987380844,
        "p": 0.2714216318128944,
        "n": 497
      },
      "sector_neutral_rev_growth": {
        "rho": 0.11487535565213436,
        "p": 0.017039625522964407,
        "n": 431
      }
    },
    "conc": {
      "rev_growth": {
        "rho": 0.22208472905132423,
        "p": 7.933925685117789e-06,
        "n": 397
      },
      "margin": {
        "rho": 0.018815004954506317,
        "p": 0.7394097431550031,
        "n": 315
      },
      "ret4m": {
        "rho": -0.025680653044095288,
        "p": 0.5843967722374479,
        "n": 456
      },
      "sector_neutral_rev_growth": {
        "rho": 0.14490640700045845,
        "p": 0.0038106901059418254,
        "n": 397
      }
    },
    "inv": {
      "rev_growth": {
        "rho": 0.1453531959904746,
        "p": 0.004263812297676415,