{
  "n_rows": 518,
  "ladder": {
    "maturity_index": {
      "1_univariate": {
        "coef": 0.10310111277208361,
        "p": 0.00025199217662182094,
        "n": 433
      },
      "2_sector": {
        "coef": 0.05963635769350484,
        "p": 0.04215379006914485,
        "n": 433
      },
      "3_size": {
        "coef": 0.03216037356368541,
        "p": 0.2948874957461768,
        "n": 433
      },
      "4_full": {
        "coef": 0.023719337114908493,
        "p": 0.4271643601544767,
        "n": 433
      },
      "full_op_margin_delta_yoy": {
        "coef": 0.024696712210568378,
        "p": 0.4568821534606383,
        "n": 344
      },
      "full_fwd_ret_4m": {
        "coef": -0.085735826603198,
        "p": 0.025902764559003463,
        "n": 494
      }
    },
    "adoption_score": {
      "1_univariate": {
        "coef": 0.1151506368075498,
        "p": 5.072020480901033e-05,
        "n": 433
      },
      "2_sector": {
        "coef": 0.07504421495323176,
        "p": 0.01481536635444483,
        "n": 433
      },
      "3_size": {
        "coef": 0.04916193777605302,
        "p": 0.13270736311338477,
        "n": 433
      },
      "4_full": {
        "coef": 0.03673757921632204,
        "p": 0.23544136986227238,
        "n": 433
      },
      "full_op_margin_delta_yoy": {
        "coef": 0.01934881560702016,
        "p": 0.6043296955733132,
        "n": 344
      },
      "full_fwd_ret_4m": {
        "coef": -0.08174039716145835,
        "p": 0.052958641486470094,
        "n": 494
      }
    },
    "proficiency_score": {
      "1_univariate": {
        "coef": 0.0750289821684553,
        "p": 0.00717857779900837,
        "n": 433
      },
      "2_sector": {
        "coef": 0.02234497086554326,
        "p": 0.48922198941092887,
        "n": 433
      },
      "3_size": {
        "coef": -0.012735403413547189,
        "p": 0.7103295408563866,
        "n": 433
      },
      "4_full": {
        "coef": -0.011847187509688675,
        "p": 0.7096214344081782,
        "n": 433
      },
      "full_op_margin_delta_yoy": {
        "coef": 0.015563731307876458,
        "p": 0.6602213468920495,
        "n": 344
      },
      "full_fwd_ret_4m": {
        "coef": -0.09395593611730578,
        "p": 0.030322160745197373,
        "n": 494
      }
    },
    "impact_score": {
      "1_univariate": {
        "coef": 0.10163443438355658,
        "p": 0.000741623273950492,
        "n": 433
      },
      "2_sector": {
        "coef": 0.06254919908102573,
        "p": 0.029088769189579217,
        "n": 433
      },
      "3_size": {
        "coef": 0.04084552773688575,
        "p": 0.156433183731322,
        "n": 433
      },
      "4_full": {
        "coef": 0.023175448926908985,
        "p": 0.39298304016908747,
        "n": 433
      },
      "full_op_margin_delta_yoy": {
        "coef": 0.02335042024082002,
        "p": 0.4455065813359934,
        "n": 344
      },
      "full_fwd_ret_4m": {
        "coef": -0.0728539688546708,
        "p": 0.05342788925261394,
        "n": 494
      }
    },
    "conc": {
      "1_univariate": {
        "coef": 0.14746079492907438,
        "p": 1.2088562252206594e-05,
        "n": 399
      },
      "2_sector": {
        "coef": 0.0937810347080173,
        "p": 0.005191555070529985,
        "n": 399
      },
      "3_size": {
        "coef": 0.08433479862381948,
        "p": 0.011320098023485237,
        "n": 399
      },
      "4_full": {
        "coef": 0.08709661097355825,
        "p": 0.006559788960267261,
        "n": 399
      },
      "full_op_margin_delta_yoy": {
        "coef": 0.0010922810764223446,
        "p": 0.9784694415380439,
        "n": 317
      },
      "full_fwd_ret_4m": {
        "coef": -0.027298455425768572,
        "p": 0.4486451396646739,
        "n": 455
      }
    },
    "inv": {
      "1_univariate": {
        "coef": 0.12938024889320537,
        "p": 0.00038287579460218334,
        "n": 387
      },
      "2_sector": {
        "coef": 0.07566946343055608,
        "p": 0.019985394014942856,
        "n": 387
      },
      "3_size": {
        "coef": 0.05713953304183195,
        "p": 0.07073885186409785,
        "n": 387
      },
      "4_full": {
        "coef": 0.047517756074051336,
        "p": 0.09959653848358813,
        "n": 387
      },
      "full_op_margin_delta_yoy": {
        "coef": -0.01586838622747252,
        "p": 0.6870631149752254,
        "n": 308
      },
      "full_fwd_ret_4m": {
        "coef": -0.06970726501872657,
        "p": 0.17126743796653054,
        "n": 441
      }
    },
    "builder_rate": {
      "1_univariate": {
        "coef": 0.02605955277176827,
        "p": 0.39302015185179096,
        "n": 215
      },
      "2_sector": {
        "coef": 0.017007296482557267,
        "p": 0.5898348307518999,
        "n": 215
      },
      "3_size": {
        "coef": -0.012482461643255002,
        "p": 0.7120266786437703,
        "n": 215
      },
      "4_full": {
        "coef": -0.03264678183643075,
        "p": 0.10775406696937605,
        "n": 215
      },
      "full_op_margin_delta_yoy": {
        "coef": -0.03371501828630264,
        "p": 0.1968319478224545,
        "n": 176
      },
      "full_fwd_ret_4m": {
        "coef": -0.012594681729844572,
        "p": 0.8375240000495086,
        "n": 247
      }
    }
  },
  "ic": {
    "maturity_index": {
      "rev_growth": {
        "rho": 0.1842195734491133,
        "p": 0.00011142164533265196,
        "n": 435
      },
      "margin": {
        "rho": 0.06808641863281359,
        "p": 0.20645838228718427,
        "n": 346
      },
      "ret4m": {
        "rho": -0.05279808985077132,
        "p": 0.23766836856999626,
        "n": 502
      },
      "sector_neutral_rev_growth": {
        "rho": 0.10697867586679537,
        "p": 0.02566764968212295,
        "n": 435
      }
    },
    "adoption_score": {
      "rev_growth": {
        "rho": 0.1889436327691977,
        "p": 7.334540155832981e-05,
        "n": 435
      },
      "margin": {
        "rho": 0.045151395339958676,
        "p": 0.4024507510970654,
        "n": 346
      },
      "ret4m": {
        "rho": -0.059220382190456514,
        "p": 0.18526771854167276,
        "n": 502
      },
      "sector_neutral_rev_growth": {
        "rho": 0.1160273080177113,
        "p": 0.015471035067594853,
        "n": 435
      }
    },
    "proficiency_score": {
      "rev_growth": {
        "rho": 0.12636014133489593,
        "p": 0.00832859815177021,
        "n": 435
      },
      "margin": {
        "rho": 0.04723957564235099,
        "p": 0.38102119878248364,
        "n": 346
      },
      "ret4m": {
        "rho": -0.05643675986390149,
        "p": 0.20682655328762103,
        "n": 502
      },
      "sector_neutral_rev_growth": {
        "rho": 0.03939390552518668,
        "p": 0.4124560923641317,
        "n": 435
      }
    },
    "impact_score": {
      "rev_growth": {
        "rho": 0.17719174000811364,
        "p": 0.000203665723086725,
        "n": 435
      },
      "margin": {
        "rho": 0.06490436680558596,
        "p": 0.22851530104106085,
        "n": 346
      },
      "ret4m": {
        "rho": -0.04233352695458425,
        "p": 0.3438642397910616,
        "n": 502
      },
      "sector_neutral_rev_growth": {
        "rho": 0.11148357181944178,
        "p": 0.02003253033512679,
        "n": 435
      }
    },
    "conc": {
      "rev_growth": {
        "rho": 0.23625410719823564,
        "p": 1.7174807942034872e-06,
        "n": 401
      },
      "margin": {
        "rho": 0.03161853049199164,
        "p": 0.5736740274206447,
        "n": 319
      },
      "ret4m": {
        "rho": 0.000904709118779611,
        "p": 0.9845441905773871,
        "n": 461
      },
      "sector_neutral_rev_growth": {
        "rho": 0.15337231076370983,
        "p": 0.002070474519798142,
        "n": 401
      }
    },
    "inv": {
      "rev_growth": {
        "rho": 0.16408380777902942,
        "p": 0.0011627491208090035,